,RawSewage,1:1_Dilution,1:3_Dilution,1:7_Dilution
0,0.8548648915592536,9.908097880209604,21.139122323385678,15.858997053139062
