,W0 (1:1 Dilution),W10 (1:1 Dilution),W0 (1:3 Dilution),W10 (1:3 Dilution),W0 (1:7 Dilution),W10 (1:7 Dilution),W0 (Raw Sewage),W10 (Raw Sewage)
Biomass,[239.3257018  226.70421572 232.54667236 236.50065408 260.60477888],[251.5318878  239.21618168 214.77411221 251.56535804 248.90408208],[227.00305924 236.97198459 258.74047209 227.41001827 239.27493883],[264.71164108 259.36295139 261.55553745 272.93155307 261.64628802],[220.68564951 217.09672482 219.25961333 233.21404222 247.76560293],[285.59095679 276.84125566 298.96388922 287.84028631 293.83864027],[223.45037097 243.82694298 252.36293383 230.20269143 251.34797576],[280.40550141 292.76652605 294.07398144 315.12259268 245.22421631]
